{
  "total_leads": 50,
  "processed_leads": 45,
  "failed_leads": 0,
  "tier_1_count": 0,
  "tier_2_count": 21,
  "tier_3_count": 20,
  "tier_4_count": 4,
  "confidence_scores": [
    0.54,
    0.61,
    0.57,
    0.66,
    0.9,
    0.85,
    0.62,
    0.89,
    0.73,
    0.7,
    0.86,
    0.71,
    0.64,
    0.65,
    0.7,
    0.56,
    0.71,
    0.78,
    0.71,
    0.58,
    0.48,
    0.55,
    0.63,
    0.95,
    0.92,
    0.43,
    0.92,
    0.84,
    0.8,
    0.64,
    0.52,
    0.7,
    0.53,
    0.75,
    0.7,
    0.76,
    0.5,
    0.6,
    0.71,
    0.64,
    0.5,
    0.79,
    0.65,
    0.74,
    0.72
  ],
  "replan_triggered": 38,
  "enrichment_success": 45,
  "enrichment_failed": 5,
  "qualification_success": 45,
  "crafting_success": 21,
  "approval_requested": 21,
  "total_time_seconds": 0.004108,
  "avg_lead_time_ms": 0.08216,
  "avg_confidence": 0.6875555555555556,
  "success_rate": 90.0,
  "tier_distribution": {
    "tier_1": 0,
    "tier_2": 21,
    "tier_3": 20,
    "tier_4": 4
  }
}